"snippet__publishedAt","snippet__title"
"2019-08-27T06:13:28.000Z","Explained : What is Logistic Regression in Python? Step-5"
"2019-08-27T06:11:22.000Z","How to check your Python's version"
"2019-08-27T06:03:36.000Z","Video Background Removal using OpenCV (Python/C++)"
"2019-08-27T06:02:50.000Z","Feeding baby ball python a fuzzy mouse"
"2019-08-27T05:59:03.000Z","How to Read Python You Didn't Write   Erin Allard @ PyBay 2018"
"2019-08-27T05:45:40.000Z","Python remake ( trailer HD)"
"2019-08-27T05:41:53.000Z","PYTHON Online Training in DURGASOFT"
"2019-08-27T05:41:01.000Z","cara membuat game sederhana dengan python"
"2019-08-27T05:41:33.000Z","INSTALACION DE PYTHON, PIP, VIRTUALENV Y FLASK EN WINDOWS | MUY FACIL 2019"
"2019-08-27T05:37:01.000Z","Python Ghost Explaination"
"2019-08-27T05:36:36.000Z","Python Types of variables"
"2019-08-27T05:37:16.000Z","Python Ghost Demo"
"2019-08-27T05:34:44.000Z","Fallout 4: Colt Python and X-PR Update 1.3"
"2019-08-27T05:27:11.000Z","program for generating primary key for file handling in python"
"2019-08-27T05:21:10.000Z","O LEVEL RESULT 2019 DATE PYTHON OR C LANGUAGE JANUARY EXAM NOTES 2020"
